<?xml version="1.0" encoding="UTF-8"?>
<project-private xmlns="http://www.netbeans.org/ns/project-private/1">
    <editor-bookmarks xmlns="http://www.netbeans.org/ns/editor-bookmarks/2" lastBookmarkId="0"/>
    <open-files xmlns="http://www.netbeans.org/ns/projectui-open-files/2">
        <group>
            <file>file:/C:/Users/Luis%20David/Downloads/poo/ProyectoPoo/src/model/AuthService.java</file>
            <file>file:/C:/Users/Luis%20David/Downloads/poo/ProyectoPoo/src/model/Libro.java</file>
            <file>file:/C:/Users/Luis%20David/Downloads/poo/ProyectoPoo/src/model/Biblioteca.java</file>
            <file>file:/C:/Users/Luis%20David/Downloads/poo/ProyectoPoo/src/model/Prestable.java</file>
            <file>file:/C:/Users/Luis%20David/Downloads/poo/ProyectoPoo/test/Test.java</file>
            <file>file:/C:/Users/Luis%20David/Downloads/poo/ProyectoPoo/src/model/Profesor.java</file>
            <file>file:/C:/Users/Luis%20David/Downloads/poo/ProyectoPoo/src/model/Estudiante.java</file>
            <file>file:/C:/Users/Luis%20David/Downloads/poo/ProyectoPoo/src/View/PanelBusquedaLibro.java</file>
            <file>file:/C:/Users/Luis%20David/Downloads/poo/ProyectoPoo/src/Main/Main.java</file>
            <file>file:/C:/Users/Luis%20David/Downloads/poo/ProyectoPoo/src/model/Reservable.java</file>
            <file>file:/C:/Users/Luis%20David/Downloads/poo/ProyectoPoo/src/model/Bibliotecario.java</file>
            <file>file:/C:/Users/Luis%20David/Downloads/poo/ProyectoPoo/src/Controller/ControladorBiblioteca.java</file>
            <file>file:/C:/Users/Luis%20David/Downloads/poo/ProyectoPoo/src/model/Prestamo.java</file>
            <file>file:/C:/Users/Luis%20David/Downloads/poo/ProyectoPoo/src/model/Usuario.java</file>
            <file>file:/C:/Users/Luis%20David/Downloads/poo/ProyectoPoo/src/model/Material.java</file>
            <file>file:/C:/Users/Luis%20David/Downloads/poo/ProyectoPoo/src/View/VistaPrincipal.java</file>
        </group>
    </open-files>
</project-private>
